cusid,pred,pred1,pred2,pred3
62,228.3815909,335.2966481,275.2553346,280.0357618
64,87.10562003,46.02831345,33.56477641,-0.804262471
123,17.93980159,19.71106225,19.25306398,29.38217867
127,9.174961751,5.751539033,8.531032863,3.34651294
182,3.796013285,4.752528998,4.000851622,13.39287607
186,4.426276107,5.186107921,5.018860688,11.26012317
190,3.845287921,5.716203361,4.706717864,8.915295491
192,3.826077523,5.011138554,4.537883855,8.377719962
193,3.378937102,4.83869881,3.837557289,4.119825451
195,3.675156976,6.086479651,4.566717174,9.527594073
270,4.129170067,5.574905226,4.828086552,10.37703765
474,33.30297268,18.96732534,35.1236071,37.48822385
582,81.50354712,81.03088203,84.31790458,11.77152997
596,4.545737821,3.733201766,4.890451107,2.818265514
620,87.58153315,49.77407599,36.74041941,0.026487496
774,12.28180476,2.651516908,12.31584186,15.48397158
777,4.974121061,5.35539833,5.15314835,8.275001347
779,6.841903109,7.116110785,6.745347153,-2.341329809
876,9.655660891,11.1367096,10.74436635,8.656376745
884,7.023916547,30.74491926,6.85450117,6.865508883
903,90,,,
912,94.24095196,224.5332574,6.051837585,0.120157501
5026,55.23831928,43.04676868,55.31824968,54.73337497
119,6.048726594,11.03810426,6.541939901,3.284617106
297,48.85448961,32.83229493,33.39557024,65.98942165
357,11.47083877,12.30753741,11.72802505,20.95803184
730,48.25584759,33.2096994,49.44995799,79.853212
941,95.79523827,21.73945091,98.06314955,213.7197821
67,7.739552567,17.65720026,8.485597331,2.512296329
266,9.750499386,11.40892918,11.56738342,3.6431289
370,6.254658055,7.434335034,5.979003755,0.357527777
405,28.34451457,34.68825731,23.69867863,65.16510971
554,87.75280894,72.40024829,93.65557178,44.88378024
49,11.41612409,16.40892438,10.84808616,3.117922563
79,27.62574037,13.48608111,30.13725018,37.03303013
98,34.74068176,51.84404637,31.4887581,30.02343919
165,8.139678963,6.425223212,8.570513895,17.20939361
487,143.0840656,163.1095601,296.4571228,61.45633437
115,7.048362333,5.276132715,7.953422585,8.253947952
244,86.37821676,2.470258679,2.470258679,0.21406481
348,8.19077121,10.55703824,8.631171024,11.22924924
391,103.0121596,80.38243611,103.8662123,116.1435264
456,21.96721457,29.06791599,23.30029791,1.891114661
670,25.62636503,20.51921272,11.25434614,7.053938553
8112,24.69061248,14.66431922,26.58560795,25.86975933
11511,88.96034986,42.98404489,-87.74247614,2.170441923
75,17.52942977,17.48100014,19.02289081,20.54655233
191,11.8512753,8.550156435,13.54009248,17.56111701
318,25.53797861,22.8092058,24.93867507,27.17057008
339,47.45638718,52.91734778,49.07996834,79.51317509
437,21.72099008,17.86608841,22.08262638,24.43537094
712,90.10068132,55.3145478,55.06334877,0.038147959
769,16.83407323,10.14378231,18.84138945,18.15307328
771,11.520951,5.971958112,11.1414884,15.74630657
778,3.801129318,3.964943934,4.29416447,10.35630392
787,5.970741215,4.194053602,6.512264123,6.360651656
965,88.20088265,96.8757399,-41.09784168,3.593417393
966,37.43661708,76.70778274,26.76089803,45.9541664
2,14.03536633,9.445063165,16.1748205,17.16989988
150,412.0908159,387.374513,509.0183435,427.1247491
302,90.69379931,88.24275988,134.5826605,9.78752155
425,167.86429,114.5411713,168.0720768,203.0181214
781,88.76104776,12.64007556,4.883296751,1.883047266
850,48.4205088,37.96675045,43.93982392,106.4299056
967,89.8031244,5.315920203,3.5,0.002847617
78,97.04233255,26.18533309,23.28273948,3.172468294
138,9.234642194,21.17912467,9.826591639,10.75068615
229,16.95749608,11.56308412,16.31377423,14.76565765
312,26.6328839,24.75601653,23.67807641,7.084454753
493,214.2024529,297.3225797,409.076379,286.2089313
533,82.45780226,96.10031093,80.04151367,72.87673017
762,85.88854185,48.8247884,31.39929466,2.239776874
968,118.3463406,102.5090459,127.4895626,341.0367852
60,18.79312359,18.39172868,15.45427049,26.25018146
107,61.07622421,49.49288601,36.35174777,62.06460231
358,15.82726052,13.52631625,14.47263061,37.24460803
392,16.62074833,15.91185785,18.40104802,17.07727711
414,14.38092075,20.87347275,15.69308996,14.06493824
562,201.7859388,233.2003264,330.4771665,261.5618501
110,4.51889668,13.11963164,3.749061764,-0.684372604
313,88.95835091,17.06694787,17.05124973,0.196609408
525,20.57112075,37.14002505,21.33026809,9.534211218
553,18.6369426,40.15051652,18.2719632,33.24532417
725,107.1447452,78.50090325,122.5661656,111.7757322
798,50.92041992,23.57257581,44.87581618,54.57589554
804,88.87510906,10.22439362,6,0.004883139
816,36.07103404,22.50806059,37.96823587,36.38550602
16,81.68612186,24.2711394,10.18582552,0.270534183
70,12.36364235,11.39638699,13.8635558,13.08449825
189,10.853063,12.75626124,12.57606603,29.32417702
308,43.80765689,59.63299719,37.89416701,24.63083019
361,8.224841322,25.08628623,7.183155812,1.889899042
899,62.83442595,43.26727917,66.73129411,35.31059246
38,41.57002635,62.22093398,39.08087284,9.801707422
86,82.92236765,88.9154591,-14.38713878,58.70620972
158,72.21943889,49.02848122,79.10258623,46.09518796
252,72.07887396,49.59123335,79.1006924,42.34406757
365,61.46266929,52.18012354,67.27532253,40.14841376
447,85.15299885,27.45646099,-70.21009554,0.223634649
537,49.53928642,51.8642843,44.04430947,81.56926228
614,62.02946704,52.05662163,67.93682739,33.08572386
799,30.96331427,36.14246749,30.46181213,22.34286818
856,15.06395036,25.83668158,16.81725967,22.78755019
112,31.67054428,31.94503477,33.54006116,34.73376732
5016,80.66167281,34.23318898,80.87588106,3.667580724
15,86.3452067,19.54956418,-5.718416764,35.03179486
855,26.3206927,29.94011291,26.97885503,25.15799128
970,13.809848,42.08811625,15.47658821,5.432056469
96,23.75420082,20.88177084,24.37508056,38.45838821
314,76.51042804,115.3488145,80.80586525,52.75390166
373,19.46084168,17.47532475,18.33774339,10.96604138
621,59.27238139,40.45248433,58.01571247,75.12724579
185,16.80262315,14.04263623,17.82073458,20.38822734
212,22.61628955,22.31735919,13.56979942,1.828024526
240,32.93435095,17.90910422,35.83000337,48.09668173
770,12.98145201,8.48180046,13.90752382,7.770026003
827,5.864550668,27.01797831,5.617846241,4.968222265
963,88.55038791,26.7547265,8.89032349,0.148699916
159,9.397888382,12.44166152,10.3826159,24.05373676
209,155.2550374,156.0348573,195.8811518,166.235121
410,22.6832631,12.81548781,20.51612274,38.60211207
513,17.1891969,14.89757998,17.86310719,24.14288692
634,222.3314226,55.43651114,228.7025037,167.5985665
864,15.77850422,38.37158905,16.17621403,7.817419571
293,20.9262554,24.44548178,22.31854563,12.51810154
294,8.697857591,14.30729273,9.491331058,6.198973358
376,30.70477638,17.61124684,29.97546093,60.10387804
509,29.81704821,16.33698607,31.63558972,29.72665079
521,8.107153814,10.42894528,5.92295927,22.16506881
793,189.0543929,56.84551403,262.199067,277.5396949
881,55.80539521,43.98759402,48.66972841,57.2668481
917,90.54796081,6.128248596,8.263351088,-0.666596373
925,87.77581521,21.10316324,21.10316324,-0.083216985
196,8.903828133,27.9442413,7.137193317,31.90796596
283,27.35268624,19.39433117,28.82313195,28.41270651
301,32.3233603,42.50864088,34.85881676,33.07918839
369,64.98781386,38.82621903,65.67148224,50.98500044
500,144.1072402,175.2522782,153.2486365,169.4988008
750,34.672447,35.8417505,34.64433512,25.83624707
13,88.38177353,23.97787169,13,0.009429883
271,22.28060977,11.29510207,26.35086558,20.91700509
332,45.21874277,99.34821374,33.47633981,17.16517035
354,33.03976319,33.5087275,24.79013486,48.76886045
964,87.80329416,19.18653507,19.18573484,0.00649422
971,26.04850632,34.44993067,14.11086958,1.978635323
4,29.4232894,27.10142928,30.10846251,37.92495726
52,22.36743516,29.19680344,23.57756559,17.86479971
55,11.36465266,15.81564008,10.97349902,8.183487491
74,11.22447694,16.72235791,13.13333627,15.92312515
183,109.3208963,103.5796483,106.6495108,121.3526752
897,91.02483785,25.02516344,24.87841602,0.164787278
132,78.33115184,84.3557244,75.54117927,68.24077813
161,51.49652482,28.1332165,48.81489003,36.54049857
223,37.38584046,38.58504413,32.92698876,35.56548984
355,15.7803488,21.69753493,11.89293435,41.66269956
461,90.79700078,32.55378944,26.35128478,0.089508724
786,18.80785326,18.89375123,14.55105183,47.84960566
972,145.4889305,160.6251519,225.4169646,222.7362618
168,89.844314,28.99942404,28.99942392,0.026819894
532,22.93035636,18.68068509,24.78162106,25.19525114
922,8.271929873,6.755981803,7.101444397,3.795466948
973,25.20483302,46.38878568,22.14106826,21.94912773
103,50.06711307,39.05790432,49.78815244,37.14156425
203,13.65634151,21.25316757,5.460064513,-5.159666322
438,34.49542099,22.17452729,33.5816551,35.3620241
538,4.46334678,13.25355643,1.572812605,0.821644318
622,168.8390587,60.44408829,165.3312906,292.0226154
32,14.71122713,19.27245194,13.49725566,4.588464997
784,125.0009102,104.829187,126.0775586,136.1269255
849,16.66912453,19.22530505,19.20308408,14.97846635
951,90.39886843,27.81137197,19.74276385,0.167233949
704,4.348561757,20.25696422,1.450892406,-0.049145478
907,73.75443596,81.09718788,83.62140208,93.98072414
104,10.78481221,17.80329148,3.038438076,-0.331232076
343,24.30013201,23.75107128,20.73660034,20.06952742
395,66.55842718,49.92180526,17.71872368,5.825532561
974,88.22541515,33.75370504,18,0.01312928
105,29.89370599,18.29502165,30.45162371,12.48712575
303,101.8611533,58.28217528,112.501415,127.4746651
753,89.90261159,63.94875048,83.61137822,5.778039656
934,27.86187911,48.88693363,19.05758514,-3.555445107
125,20.14698405,22.22011682,20.36844614,12.6366675
390,36.93478673,51.76196113,26.02812706,17.87960237
780,32.7770475,80.3447072,29.00552872,36.24097359
806,86.03132877,44.67784997,2.229513135,0.411018854
898,78.95027198,120.2743684,96.25876041,68.19179113
5,88.24049944,38.63279567,20.5,0.015794327
71,65.82468186,34.93197441,63.2452677,319.8650187
154,92.73259806,59.33922484,134.0586572,62.32102658
157,86.37653055,32.06253589,30.54939089,0.167524327
214,95.16226507,127.2742979,-10.91411163,0.026404291
356,230.5041771,195.2337207,243.9157748,253.8244211
486,87.81949561,42.21919598,38.25939707,5.565963496
616,12.68818832,32.20567565,11.19183988,1.475207475
41,94.20770602,30.69340495,-6.494296324,15.84247377
47,147.6356294,106.693521,151.8523917,146.58547
429,43.96699797,47.13483394,-2.04964659,1.610155826
747,14.37057292,15.4923494,12.94133697,14.16774901
962,83.86642112,43.4703792,91.22052954,91.6626265
199,8.698309789,29.52043008,8.846888666,10.72474129
550,86.18304703,31.01806265,23.47409287,-3.843194511
601,217.6074229,88.08254418,222.4481174,243.462216
638,30.00729114,49.85757872,36.96007918,7.903908905
691,32.29687711,53.95710164,30.60597096,35.30115588
811,33.22217528,28.18894722,35.18393715,38.10596804
880,29.19458694,54.55630785,24.19924347,12.45587093
942,108.0318367,127.4473016,114.7502784,185.3820271
262,71.63341269,63.17930611,30.7528869,-6.667420266
368,21.12968353,22.50336883,21.06472075,18.87942134
640,31.52863097,17.73768791,30.33319777,53.1356964
758,88.26991922,44.48362608,23.50134397,0.018961764
765,46.75471678,61.01239698,45.00420491,39.53665327
275,32.43575145,32.0108504,29.84631148,18.8877452
309,51.50609294,42.32909583,49.60199512,56.03891267
450,18.08415383,36.79461846,19.48328331,16.11552546
473,36.45340206,38.07036403,31.32664024,66.48067473
975,86.23558867,40.76022045,14.39667657,-1.174597987
43,39.56773974,47.17641807,39.16005324,24.6470995
887,82.41140989,48.52252344,14.28558738,1.467542515
911,92.73512623,57.83192358,34.66140202,0.128583489
945,22.60049287,28.21996777,25.85948152,22.0531033
5008,83.55336704,78.85005027,83.51457026,56.6753285
175,28.97399519,46.78825672,31.72101455,23.6139668
305,61.53538597,74.30400377,57.20567652,80.07535258
889,13.31849003,21.45167072,12.52701702,13.0825204
180,53.07127098,84.89646129,42.70141281,130.117604
201,170.4228097,270.1624083,178.8359534,362.3025213
451,83.39461233,47.59858135,74.04393292,109.9607721
561,30.07026114,22.78995422,29.4474464,1.10784966
680,23.36079124,38.39478769,23.19388093,21.30994892
721,24.49105456,21.81235866,29.01595738,5.728203087
932,40.02977695,20.73395793,46.04755165,13.85448731
937,29.90292078,20.58663591,34.50397363,5.856782979
273,17.44454564,33.63359596,20.63799216,27.64236453
292,50.33261166,28.45921742,48.01090772,3.792689723
526,47.15335309,45.58676907,46.63816631,50.86077414
921,121.9089148,85.52266541,122.0021085,207.4147047
976,20.72859461,15.77420456,22.72487601,25.19346722
188,61.5199282,15.35654927,67.24118255,70.80885569
194,25.48765782,30.56390441,20.45240822,66.16508855
748,62.00920187,50.28372192,65.926853,87.08019179
790,82.34028113,36.91091207,83.05174154,82.51283106
813,83.62885498,71.45898118,92.31555485,95.86670101
914,41.36852885,33.01722056,48.20373419,87.47832804
162,173.3915881,187.0708124,205.5102456,171.1420535
320,26.62080388,17.96758529,27.60581139,44.23995512
952,102.7050565,136.0584161,116.9928017,135.1203086
85,61.98668661,61.31660606,49.69025228,32.20955518
375,33.89827752,16.29382209,40.93302212,26.558578
5030,140.1049562,199.9761054,164.8313264,66.88646741
327,32.87042869,52.63437816,33.17508129,27.64902148
547,29.253149,53.34800609,34.55944939,16.03475872
977,15.84273082,59.65960587,10.62119685,0.038464701
978,91.96751672,12.87221422,12.87221422,0.021482208
609,94.86413289,79.7068357,93.76970768,21.21825589
858,90.63547443,60.05854031,31.5,0.023886969
624,149.0303895,143.4647103,152.7409125,161.1715308
946,114.3419442,205.3720788,164.9685633,192.1747492
69,79.83643649,59.90357996,109.4957675,36.28072909
133,128.1629246,131.7841078,127.5564237,173.7584916
322,33.16034891,45.52483635,29.44656065,12.43809047
821,57.76174506,45.35435675,56.94708368,59.60273098
980,137.2481738,40.33322519,149.8330714,100.1941011
718,91.10530775,64.92278746,34,0.026128115
979,109.7195659,110.0606091,197.5120204,97.13058494
8105,36.2976007,42.5525298,34.50447178,18.61209393
149,85.39071168,70.55619014,-20.84544054,0.186075069
247,72.60900814,43.77862713,77.63281254,85.93273164
551,38.64122771,34.76847751,26.25996112,23.06076176
567,43.44601517,51.29285239,38.2375698,32.90761499
574,129.7059225,67.54211401,170.1823068,15.357628
949,31.12883097,24.95976667,36.1594316,32.08063026
187,18.25355148,21.72101329,17.77171844,143.2022015
324,90.55823164,93.6788869,123.6804537,138.723097
374,61.38622909,41.96081637,61.90672406,18.56334001
480,84.15476181,66.14438242,88.25285283,99.43581753
723,97.86050823,39.76233495,-12.42763658,-4.123351302
752,25.92928359,19.45211386,29.31640921,38.73750411
822,89.40005736,74.76264113,95.30492602,161.0113013
981,91.26079985,66.86910234,35.00026691,0.028116065
316,46.33347275,57.16621975,46.27825441,42.91884534
432,60.07934574,71.31105096,27.84374324,66.2182798
467,50.70636285,32.0538656,51.13228245,64.76767584
576,37.31980013,39.95582708,36.02929537,41.59813059
955,94.1082187,23.71793148,1.565910282,1.175301462
982,65.27774455,69.66098582,64.07178006,49.23846578
983,83.30286941,103.1934045,74.23062288,33.04436772
984,91.31502189,67.84095272,35.5,0.027616045
683,91.38250617,68.81378639,36,0.025578235
918,93.45089683,114.6250444,86.26872571,0.039729422
505,50.85788079,53.21075624,46.73496413,47.11136079
290,97.36094413,60.01158827,89.79169922,92.91540265
372,199.1556119,151.7469182,204.6966223,218.8289675
985,25.81082697,38.24786127,25.8227067,20.20503605
198,81.83491644,27.08831939,-13.38178831,25.63740123
641,49.27023888,44.40560696,43.40714006,42.88531108
684,91.78335783,14.51787834,20.37177094,0.037203741
286,39.83024799,119.5392512,38.14865927,43.643117
340,127.5068097,117.7809851,128.0815514,131.8717794
909,71.2492126,53.61107181,75.45160536,61.6662048
26,100.3755249,66.38481768,102.6642749,96.71781148
56,82.26020793,57.11980325,83.57803556,65.52054992
156,307.3421242,184.9003976,314.6244077,298.4035472
773,91.81074389,56.73879174,29.20813211,0.041883554
669,89.76447454,38.74661115,38.74534591,8.054641969
852,86.82613995,37.19636728,-24.06693474,-3.356108458
896,84.293102,119.2105854,311.2760275,176.6478816
114,132.1683468,117.1877416,178.8917418,227.2976912
124,96.29365037,108.6741416,96.55021431,122.9012915
713,76.51343808,42.9949485,74.90371228,214.5765988
836,12.2974868,22.9751423,12.32205391,0.525153367
470,90.46891375,68.26191842,41.25758542,30.42116875
481,93.4518513,81.84126457,76.69161104,0.038925764
617,102.3491645,61.65458079,105.6031498,104.4383544
890,80.22565684,36.45595092,63.15893458,86.65113391
933,33.06572867,33.87794475,-8.740344393,-2.78848486
987,93.87807933,75.01189944,52.03317746,8.480696374
832,92.32700863,78.63092091,-5.260647964,3.448101406
599,20.14516242,75.99346121,20.06777673,12.46333587
735,69.21972063,85.06691983,64.99422544,82.27081505
828,65.21030409,55.23010639,64.17472517,51.88617459
5000,165.9029436,110.9706752,181.7517419,264.6154578
81,181.1629457,67.53472737,183.3453224,179.5455235
181,167.5053729,131.9008129,362.1225573,366.4946077
501,91.87822204,101.1572912,36.23602046,0.04248238
729,96.43953904,31.0819885,-27.29937085,-0.26934128
817,32.28939734,36.22750633,7.650806168,-3.115347673
65,98.0085285,117.1738059,161.5719202,164.410972
331,85.72934597,23.87811342,-6.087076862,-1.178225639
491,47.1803091,66.91120486,25.00181985,4.270904703
604,136.542703,112.1263594,178.9368242,183.8797031
628,56.43962859,51.53617702,57.48011587,49.72543762
675,91.89768186,117.7842372,34.85011691,0.044178309
216,93.68359195,79.45991022,54.18421417,-4.182681792
349,85.34788276,55.51299474,5.986208513,1.961306611
483,36.77547301,40.17040842,31.6530355,37.22285397
514,91.90535879,118.7524339,35.62129485,0.048044871
632,205.9538859,72.70250903,217.8732181,223.418417
988,130.0919229,104.4926515,153.2366832,176.1822746
989,43.44965969,41.11218106,21.05179444,20.33604331
12,82.75928452,31.056245,-32.77276742,-3.739712044
696,66.99151317,80.77373716,67.15230332,23.21603357
861,81.38695466,65.09283276,82.59454966,95.5349572
920,81.95745858,89.50767795,82.51037174,67.21003514
990,72.46549027,90.24491663,71.49951655,58.08501581
994,94.63568649,84.87019783,160.9932655,151.3679602
83,166.3585595,84.16454045,171.3137256,132.3802435
359,94.38669711,46.87814309,19.24614004,0.037160267
929,72.8270237,131.0182735,71.16184841,69.00031421
944,271.4088331,137.9886983,279.4549129,310.4838399
626,133.7493951,74.71249028,156.6863629,138.888458
707,17.67070824,113.7369615,10.62490864,6.485482209
991,105.1076748,178.3824021,90.29184588,61.93987383
992,85.93525577,56.67901273,1.13618971,12.72481228
400,88.04437756,42.20795951,117.9745334,158.3457556
660,97.48925064,57.16187543,103.1391119,145.0521915
108,91.4293183,28.37562188,102.4704207,94.23747254
892,211.9201776,131.5179879,241.9143623,245.8017
910,261.9916459,217.965052,369.0329836,564.477794
993,13.41111141,31.02019618,11.5485011,15.48116572
472,145.868863,176.1964499,311.7385447,425.8017281
496,66.56782789,72.39806562,66.28865163,56.26122293
956,133.9919726,104.2137668,133.7076879,94.80329733
468,48.47204649,32.7453785,44.03692212,53.01504455
5007,147.412407,172.9174715,303.9485711,405.9322278
751,92.33888952,145.9095304,57.37357297,0.060801854
5003,92.33888952,145.9095304,57.37357297,0.060801854
840,17.89216275,55.64500502,6.762922802,6.875932666
829,92.56048255,154.1885602,63.77204581,0.063692381
996,92.56048255,154.1885602,63.77204581,0.063692381
377,93.29874328,66.77186107,61.9046376,-0.726387402
540,-15.92031603,292.4016049,-72.31688053,213.0697986
844,89.5934157,61.64908925,103.3884353,124.9539809
997,92.58577619,155.1806887,64.53821396,0.058161596
544,89.71965671,81.53418874,38.06922867,-16.17263893
40,87.21959695,26.19848089,-30.81977298,-1.981817123
999,92.73376121,160.0311981,68.24554619,0.058269362
510,45.57580724,154.0847342,39.20945936,52.68367983
471,91.72021713,163.0924177,100.5879634,25.55038667
768,78.765122,39.48457799,92.8643123,70.98109015
10,74.37113649,59.41304561,33.17403358,15.51516653
492,82.28435147,179.292885,96.90926242,33.59776552
434,189.0022661,149.4654324,228.0474418,234.156269
754,93.82599732,187.2099049,84.82728217,0.07221893
1002,72.11522623,100.8668782,67.36398466,63.61133986
775,93.92901937,190.1311305,85.72100976,0.06896846
1004,85.24581386,30.91269337,-35.10956935,-1.239170825
610,30.27784748,76.86808647,29.79538976,34.87469099
904,94.6876225,74.01706025,3.784657129,-0.363951103
5035,212.799426,184.6870715,297.0633075,312.9263954
953,105.8173988,121.0886425,126.3096602,64.34127061
1006,94.68415599,214.3541182,83.74129542,0.080788332
1008,94.74192105,215.3120586,83.26968603,0.087730438
5036,94.78330002,220.168738,80.45975553,0.085712205
137,80.79410838,118.3676344,121.1003792,73.17761726
1009,70.95921393,141.9864792,72.57769223,71.87089035
826,115.3522618,170.4590282,319.0058426,297.5934278
1010,25.50957139,83.75347037,13.85581114,30.20083159
30,91.09558251,136.0376537,112.1818407,45.14650526
284,38.6949774,92.70186618,20.12445355,4.790936687
6,51.90954494,184.4161508,45.3771999,41.37500794
1011,167.2241331,146.5781165,172.1639373,164.3271516
420,88.73294914,90.65312785,-38.21060212,-0.620810588
845,37.05308594,157.2808341,31.25097842,44.01931448
957,21.30430107,57.29330868,19.59318719,10.46807718
815,95.12311253,236.6063761,65.2109561,0.093082112
1012,36.05318175,76.32846107,34.90417294,41.11772508
1013,95.15306029,237.634143,64.10060803,0.098325568
164,39.64848641,86.79109415,26.10911964,-31.75152305
948,161.5633119,227.347585,165.0703892,220.426138
577,14.39050966,86.27965988,8.923565614,3.110729696
3,46.83246036,133.7047194,8.13723609,1.0215975
1014,95.46764462,261.8370573,32.97993668,0.104898313
1015,95.10964218,263.7294845,30.53855668,0.102199981
905,93.7798955,267.613107,25.69418263,0.106622219
84,83.55930539,132.2898578,-40.23699043,-0.180977455
1016,91.80308657,274.3969581,17.5241378,0.099220389
1017,83.50287744,137.5728596,-11.30927184,-2.699697935
1018,97.77937188,168.6376225,222.0659334,306.1248908
1019,71.73201105,106.3233276,14.75609688,3.330659755
851,78.11066645,95.7925227,4.099440826,-6.844560455
1020,124.4088154,130.2664002,125.6577605,114.9806168
494,377.2687271,255.8062145,396.617513,421.6203753
1021,89.78176354,282.1331021,9.248727567,0.11097629
534,57.38278491,95.2129912,-74.22275509,9.439415826
1023,83.083852,104.8427389,-101.4471517,-1.132547128
1024,85.3019637,120.0807575,-19.88194531,42.39634277
1025,87.56785312,137.8864258,122.9413613,0.083149796
686,86.90409075,144.9208052,103.6722569,119.6958027
9591,29.45248388,129.2023366,27.01282081,38.74561503
1027,21.86766968,116.2388576,11.49294829,59.56300915
33,52.92253363,151.4150829,74.20830362,71.61692771
709,82.89287825,104.9177652,-67.48117876,-0.823532805
961,64.12824029,159.4089802,100.7172254,99.45826557
228,83.86235009,129.9447619,49.31707211,0.314745557
924,79.37972148,147.9629897,-17.37611861,8.589378182
1028,73.30463718,123.5887188,-60.58518752,0.969246112
9607,82.56608869,146.6290716,-51.31269404,-1.734287348
5033,84.83077902,297.8151288,1.688509787,0.121564087
1029,82.35304326,146.5558954,-56.86971894,-1.693460364
378,81.35863452,121.2634433,-65.15907831,6.679411362
1030,40.07036688,123.7704176,-4.885050729,8.440115244
122,82.50799815,323.5906804,7.745277101,0.007999758
1032,82.3689814,325.4557653,-7.858493765,0.118600197
1033,53.14989802,121.1839692,36.30205661,3.195486024
57,82.07717473,330.3455775,-5.332317056,0.121392955
280,56.73205194,125.6639146,-17.77514471,3.471827679
476,94.18575481,179.1115073,98.50887891,77.57438398
231,329.2645663,219.7325268,319.8660274,350.5321958
842,79.78621052,358.2784789,20.87595011,13.9455291
1039,132.5827012,191.7570448,222.2455027,231.73391
536,69.08748828,157.0223099,-12.46122752,0.038983323
1040,78.24098821,161.8420159,78.46402542,82.03355641
1041,214.1009109,135.8633092,261.9241367,258.8775152
9246,81.12796027,151.370105,-110.756394,-1.509425113
1034,70.3794,156.5761544,93.70163928,6.295072665
408,79.09021188,349.7311871,41.671319,37.99229798
300,304.0519787,195.3146955,305.3826778,327.3492855
1042,322.8704257,198.4011196,316.828883,342.8134098
1043,49.9162273,138.0997153,66.95551342,100.107989
1044,78.28317806,382.2255973,69.5872915,65.67636309
1045,40.41183931,114.2855979,-21.74328552,20.28868447
1046,78.18655911,384.0692352,63.52961488,73.40349733
1047,78.05639444,387.9374508,70.5799892,78.48985874
519,77.73921858,395.6788093,85.45118653,93.45080068
797,77.5992893,397.5599148,89.23902668,99.23417909
1049,64.30365616,136.950242,108.1442907,140.0819867
1050,77.35657157,401.756869,96.9221757,111.6663032
613,77.2069261,404.9551959,102.8465916,113.460354
1051,77.11290591,405.9136966,104.8248643,115.8496026
1052,76.89731435,410.6692936,114.8812156,126.152817
482,79.32664761,122.1622199,-88.3290433,-2.505183229
763,54.80187109,153.4515276,41.91152964,21.76298987
1053,77.05872884,412.6580609,119.0467233,129.9097426
947,45.39226524,137.1760528,39.63776132,18.87435172
1054,76.72623356,418.4308733,131.5363886,141.8752923
1036,83.95418372,155.7685401,164.6825388,10.65760655
819,61.09002368,211.5409898,307.3742179,81.23809997
1055,76.49849793,422.3366933,140.0808449,149.8385832
1056,77.29091471,152.2857439,-38.37047293,7.405997449
1057,42.06167608,147.8384374,8.016967251,5.206808776
1059,76.85905019,136.4874315,-50.0558153,1.048698653
1060,97.76003035,192.0023168,120.6343239,67.76133125
580,75.78228716,450.269947,204.1561542,208.688704
224,60.89257621,177.631258,17.96409096,0.937918154
1062,39.83442804,175.3441537,-6.755963991,28.07183221
606,100.6911728,208.2338911,144.088611,71.03115632
1063,195.7250019,230.3899214,182.9924856,109.0978734
1064,74.31786695,197.4023138,112.3574453,162.3669175
1065,91.31324954,180.0191332,88.07388769,5.092863922
1066,75.59520933,478.241379,269.1518827,266.144196
878,75.5937754,479.2369036,271.2853079,268.6794415
1068,75.53816763,480.2194154,273.5660294,269.9282453
879,75.37832203,487.7963092,284.2886947,279.0545947
1069,75.35419578,489.9506858,286.5888173,279.9822616
515,75.33228663,491.765527,289.0437422,281.9918975
1067,58.0993673,165.7990792,23.02572156,9.234550994
1070,74.91727634,185.6169557,179.6984152,3.258438784
1071,73.34206764,199.0566091,93.20075474,152.0384948
1072,75.38917017,495.7483096,297.5165335,291.0613465
1073,77.08164284,496.7596003,304.0539019,296.0506612
1074,105.2658642,203.5880769,100.1231992,53.92341059
1077,79.99077013,496.2193149,317.444399,308.0285381
1076,61.18805353,207.9961147,34.35022028,30.60004413
1075,81.07873782,495.5504723,321.9046351,311.7840387
866,65.95239005,228.183376,133.0736908,49.34551515
1078,83.98517399,495.8693699,335.2113458,325.0223625
520,85.76725122,497.7831912,344.0399147,332.9755124
936,86.89069799,510.754486,347.8220064,336.0818839
406,87.16304637,512.7023197,352.2051493,340.2515477
1081,96.77115573,537.1798754,405.5008174,389.9989369
1082,97.3827338,539.0742675,409.6390837,393.6526465
1048,104.2688141,267.2936462,103.4764492,37.2374792
1080,98.85559809,542.9461376,418.0775773,403.1827415
831,61.65928059,229.9503973,78.9814653,75.44043389
1083,101.6782182,553.4889087,440.6614553,424.097439
782,103.0953682,559.2080918,452.7910306,435.0237366
1084,103.7985801,563.9828934,462.7665918,445.9152002
1085,103.7985801,563.9828934,462.7665918,445.9152002
665,104.9437414,569.6936906,474.639754,457.8299399
1091,107.1520002,267.5609683,49.11008923,1.100441443
1092,105.9219514,573.5765131,482.5191566,466.3846518
1035,107.8650764,590.1504466,515.1686503,503.656017
179,107.9037878,591.1461265,517.039737,503.7613398
1095,61.36393127,249.7976618,135.2588884,3.109931519
1096,108.3154352,597.8907281,530.0938025,516.5833276
584,108.7185894,605.5425045,544.7333918,531.7760387
1093,108.7185894,605.5425045,544.7333918,531.7760387
1097,76.70163946,272.8244887,199.9637767,12.44283223
1099,109.2232264,617.1103364,566.2921343,555.8523396
1061,109.3159953,620.996441,573.3861206,564.1191836
722,109.4314079,623.8432506,578.6336135,569.9347478
1100,109.4314079,623.8432506,578.6336135,569.9347478
1101,67.10710615,278.3420217,181.7483,13.51923763
1103,109.8875563,632.5294072,594.2247819,588.1387514
1102,109.1955354,298.6198033,245.310074,29.65258349
1104,109.8149227,633.4659783,595.9063465,589.8776786
612,109.8380724,634.4557403,597.6398257,591.0882808
1105,66.92370997,283.254103,208.6148393,2.48575522
1107,110.1971404,641.2634864,609.5639316,605.6655669
1108,110.2597667,645.1118643,616.2383809,613.7733893
1106,110.2634449,646.1810192,618.0004418,615.7653196
1109,110.4353675,650.907054,626.1774898,626.1819308
1110,110.606838,658.7454511,639.3450014,642.0663406
1098,110.6218966,660.580928,642.482109,645.8061364
1111,110.7909311,666.4228683,652.0954207,657.8671927
1037,110.7977387,667.3742474,653.6688633,659.0793174
1112,110.8951803,673.2131487,663.1562039,671.9125878
1114,110.8641881,680.9197605,675.5817368,687.9804252
5037,110.7022755,681.8095044,677.0574198,689.5729632
1115,110.8224877,687.6926722,686.3501708,701.9807335
1116,111.0165115,693.5153178,695.4466636,714.0213281
1113,110.9643347,694.5801584,697.0496554,716.3704607
1117,110.9643347,694.5801584,697.0496554,716.3704607
197,111.0423809,698.4238473,703.0101096,723.9350992
1119,110.9558544,699.3574691,704.4702832,725.9891618
